id;libelle;created_at;updated_at;end_date
1;Colorado;2020-05-31T03:55:12;2020-05-31T14:17:34;2020-05-31
2;Licensed;2020-05-31T03:26:50;2020-05-31T13:43:27;2020-05-30
3;JBOD;2020-05-30T19:30:40;2020-05-31T09:54:31;2020-05-31
4;supply-chains;2020-05-31T11:45:05;2020-05-31T05:31:43;2020-05-31
5;Implementation;2020-05-31T13:54:29;2020-05-31T09:36:57;2020-05-31
6;teal optical;2020-05-30T22:48:40;2020-05-31T00:56:55;2020-05-30
7;Lodge;2020-05-31T12:21:29;2020-05-31T02:52:50;2020-05-31
8;UAE Dirham;2020-05-30T22:13:13;2020-05-31T11:11:00;2020-05-30
9;Ergonomic;2020-05-31T13:57:49;2020-05-31T08:09:03;2020-05-31
10;Pakistan Rupee installation invoice;2020-05-31T06:41:22;2020-05-31T10:27:12;2020-05-31
